{
  "benign_class": {
    "precision": 0.9900123191578176,
    "recall": 0.8069843482879384,
    "f1-score": 0.889177437716888,
    "support": 240996
  },
  "malicious_class": {
    "precision": 0.6694992326493492,
    "recall": 0.9796028693211353,
    "f1-score": 0.7953944980458693,
    "support": 96190
  },
  "accuracy": 0.8562277200121001,
  "macro avg": {
    "precision": 0.8297557759035834,
    "recall": 0.8932936088045369,
    "f1-score": 0.8422859678813786,
    "support": 337186
  },
  "weighted avg": {
    "precision": 0.8985786481535365,
    "recall": 0.8562277200121001,
    "f1-score": 0.8624237143506887,
    "support": 337186
  },
  "auc": 0.970917011651361,
  "recall": 0.9796028693211353
}