{
  "benign_class": {
    "precision": 0.9615271573007289,
    "recall": 0.950243987452074,
    "f1-score": 0.9558522760474493,
    "support": 240996
  },
  "malicious_class": {
    "precision": 0.8789008059140763,
    "recall": 0.9047406175278095,
    "f1-score": 0.8916335396090325,
    "support": 96190
  },
  "accuracy": 0.9372631129406321,
  "macro avg": {
    "precision": 0.9202139816074026,
    "recall": 0.9274923024899417,
    "f1-score": 0.9237429078282409,
    "support": 337186
  },
  "weighted avg": {
    "precision": 0.9379561053001056,
    "recall": 0.9372631129406321,
    "f1-score": 0.9375324162133776,
    "support": 337186
  },
  "auc": 0.9874512676868247,
  "recall": 0.9047406175278095
}