{
  "benign_class": {
    "precision": 0.9531421544947521,
    "recall": 0.9906554465634284,
    "f1-score": 0.9715368165753433,
    "support": 240996
  },
  "malicious_class": {
    "precision": 0.9740268727293697,
    "recall": 0.877981079114253,
    "f1-score": 0.9235134913474945,
    "support": 96190
  },
  "accuracy": 0.9585125123818902,
  "macro avg": {
    "precision": 0.9635845136120609,
    "recall": 0.9343182628388407,
    "f1-score": 0.9475251539614189,
    "support": 337186
  },
  "weighted avg": {
    "precision": 0.9590999968932735,
    "recall": 0.9585125123818902,
    "f1-score": 0.9578370673162792,
    "support": 337186
  },
  "auc": 0.9913950449105734
}